{"mode": "train", "epoch": 1, "iter": 50, "lr": 0.001, "time": 8.88808, "data_time": 0.29062, "memory": 6404, "loss_rpn_cls": 0.56324, "loss_rpn_bbox": 0.09274, "s0.rbbox_loss_cls": 0.61733, "s0.rbbox_acc": 88.84766, "s0.rbbox_loss_bbox": 0.36321, "s1.rbbox_loss_cls": 0.54523, "s1.rbbox_acc": 90.96973, "s1.rbbox_loss_bbox": 0.10834, "loss_mask_obb": 0.78869, "loss": 3.07878}
{"mode": "train", "epoch": 1, "iter": 100, "lr": 0.00116, "time": 1.1781, "data_time": 0.30606, "memory": 6404, "loss_rpn_cls": 0.36056, "loss_rpn_bbox": 0.09129, "s0.rbbox_loss_cls": 0.41561, "s0.rbbox_acc": 91.51758, "s0.rbbox_loss_bbox": 0.4795, "s1.rbbox_loss_cls": 0.31476, "s1.rbbox_acc": 93.41693, "s1.rbbox_loss_bbox": 0.15329, "loss_mask_obb": 0.58935, "loss": 2.40436}
{"mode": "train", "epoch": 1, "iter": 150, "lr": 0.00133, "time": 1.17201, "data_time": 0.28542, "memory": 6404, "loss_rpn_cls": 0.29005, "loss_rpn_bbox": 0.09224, "s0.rbbox_loss_cls": 0.43682, "s0.rbbox_acc": 90.49414, "s0.rbbox_loss_bbox": 0.50144, "s1.rbbox_loss_cls": 0.34183, "s1.rbbox_acc": 92.84356, "s1.rbbox_loss_bbox": 0.22933, "loss_mask_obb": 0.56067, "loss": 2.45238}
{"mode": "train", "epoch": 1, "iter": 200, "lr": 0.0015, "time": 1.37182, "data_time": 0.35176, "memory": 6404, "loss_rpn_cls": 0.31233, "loss_rpn_bbox": 0.08784, "s0.rbbox_loss_cls": 0.48007, "s0.rbbox_acc": 88.80469, "s0.rbbox_loss_bbox": 0.59969, "s1.rbbox_loss_cls": 0.39465, "s1.rbbox_acc": 90.84557, "s1.rbbox_loss_bbox": 0.25394, "loss_mask_obb": 0.50647, "loss": 2.63499}
{"mode": "train", "epoch": 1, "iter": 250, "lr": 0.00166, "time": 1.48641, "data_time": 0.39, "memory": 6541, "loss_rpn_cls": 0.28429, "loss_rpn_bbox": 0.11074, "s0.rbbox_loss_cls": 0.48994, "s0.rbbox_acc": 88.21484, "s0.rbbox_loss_bbox": 0.61597, "s1.rbbox_loss_cls": 0.38996, "s1.rbbox_acc": 90.7433, "s1.rbbox_loss_bbox": 0.28257, "loss_mask_obb": 0.49203, "loss": 2.66551}
{"mode": "train", "epoch": 1, "iter": 300, "lr": 0.00183, "time": 1.23079, "data_time": 0.29643, "memory": 6541, "loss_rpn_cls": 0.22505, "loss_rpn_bbox": 0.08016, "s0.rbbox_loss_cls": 0.45491, "s0.rbbox_acc": 88.98047, "s0.rbbox_loss_bbox": 0.69459, "s1.rbbox_loss_cls": 0.33575, "s1.rbbox_acc": 92.03898, "s1.rbbox_loss_bbox": 0.31966, "loss_mask_obb": 0.49622, "loss": 2.60635}
{"mode": "train", "epoch": 1, "iter": 350, "lr": 0.002, "time": 1.17863, "data_time": 0.26249, "memory": 6541, "loss_rpn_cls": 0.20838, "loss_rpn_bbox": 0.0866, "s0.rbbox_loss_cls": 0.44302, "s0.rbbox_acc": 88.54883, "s0.rbbox_loss_bbox": 0.73518, "s1.rbbox_loss_cls": 0.33055, "s1.rbbox_acc": 91.67494, "s1.rbbox_loss_bbox": 0.3586, "loss_mask_obb": 0.49754, "loss": 2.65987}
{"mode": "train", "epoch": 1, "iter": 400, "lr": 0.00216, "time": 1.28216, "data_time": 0.31605, "memory": 6541, "loss_rpn_cls": 0.17203, "loss_rpn_bbox": 0.05762, "s0.rbbox_loss_cls": 0.42553, "s0.rbbox_acc": 89.33789, "s0.rbbox_loss_bbox": 0.6742, "s1.rbbox_loss_cls": 0.3197, "s1.rbbox_acc": 92.2196, "s1.rbbox_loss_bbox": 0.3839, "loss_mask_obb": 0.49509, "loss": 2.52808}
{"mode": "train", "epoch": 1, "iter": 450, "lr": 0.00233, "time": 1.37874, "data_time": 0.28674, "memory": 6541, "loss_rpn_cls": 0.21496, "loss_rpn_bbox": 0.09102, "s0.rbbox_loss_cls": 0.50823, "s0.rbbox_acc": 86.5332, "s0.rbbox_loss_bbox": 0.83431, "s1.rbbox_loss_cls": 0.42312, "s1.rbbox_acc": 89.24935, "s1.rbbox_loss_bbox": 0.59516, "loss_mask_obb": 0.49596, "loss": 3.16277}
{"mode": "train", "epoch": 1, "iter": 500, "lr": 0.0025, "time": 1.45693, "data_time": 0.36078, "memory": 6541, "loss_rpn_cls": 0.19599, "loss_rpn_bbox": 0.09598, "s0.rbbox_loss_cls": 0.47606, "s0.rbbox_acc": 87.96484, "s0.rbbox_loss_bbox": 0.78676, "s1.rbbox_loss_cls": 0.37134, "s1.rbbox_acc": 90.27111, "s1.rbbox_loss_bbox": 0.38827, "loss_mask_obb": 0.47679, "loss": 2.79119}
{"mode": "train", "epoch": 1, "iter": 550, "lr": 0.0025, "time": 1.41815, "data_time": 0.33886, "memory": 6541, "loss_rpn_cls": 0.16471, "loss_rpn_bbox": 0.07377, "s0.rbbox_loss_cls": 0.4543, "s0.rbbox_acc": 88.29492, "s0.rbbox_loss_bbox": 0.647, "s1.rbbox_loss_cls": 0.37132, "s1.rbbox_acc": 90.29875, "s1.rbbox_loss_bbox": 0.44977, "loss_mask_obb": 0.46532, "loss": 2.62619}
{"mode": "train", "epoch": 1, "iter": 600, "lr": 0.0025, "time": 1.519, "data_time": 0.36998, "memory": 6541, "loss_rpn_cls": 0.19005, "loss_rpn_bbox": 0.07766, "s0.rbbox_loss_cls": 0.49221, "s0.rbbox_acc": 86.94727, "s0.rbbox_loss_bbox": 0.7361, "s1.rbbox_loss_cls": 0.38847, "s1.rbbox_acc": 89.28441, "s1.rbbox_loss_bbox": 0.54928, "loss_mask_obb": 0.46036, "loss": 2.89412}
{"mode": "train", "epoch": 1, "iter": 650, "lr": 0.0025, "time": 1.50779, "data_time": 0.34375, "memory": 6541, "loss_rpn_cls": 0.16486, "loss_rpn_bbox": 0.07629, "s0.rbbox_loss_cls": 0.4635, "s0.rbbox_acc": 87.62695, "s0.rbbox_loss_bbox": 0.61396, "s1.rbbox_loss_cls": 0.38198, "s1.rbbox_acc": 89.73004, "s1.rbbox_loss_bbox": 0.58175, "loss_mask_obb": 0.43933, "loss": 2.72166}
{"mode": "train", "epoch": 1, "iter": 700, "lr": 0.0025, "time": 1.26071, "data_time": 0.25464, "memory": 6541, "loss_rpn_cls": 0.17683, "loss_rpn_bbox": 0.06798, "s0.rbbox_loss_cls": 0.41608, "s0.rbbox_acc": 89.25586, "s0.rbbox_loss_bbox": 0.53066, "s1.rbbox_loss_cls": 0.36909, "s1.rbbox_acc": 90.1166, "s1.rbbox_loss_bbox": 0.51857, "loss_mask_obb": 0.44407, "loss": 2.52328}
{"mode": "train", "epoch": 1, "iter": 750, "lr": 0.0025, "time": 1.29944, "data_time": 0.23408, "memory": 6541, "loss_rpn_cls": 0.18228, "loss_rpn_bbox": 0.06845, "s0.rbbox_loss_cls": 0.43679, "s0.rbbox_acc": 87.23047, "s0.rbbox_loss_bbox": 0.65373, "s1.rbbox_loss_cls": 0.3419, "s1.rbbox_acc": 89.396, "s1.rbbox_loss_bbox": 0.60378, "loss_mask_obb": 0.43551, "loss": 2.72244}
{"mode": "train", "epoch": 1, "iter": 800, "lr": 0.0025, "time": 1.38961, "data_time": 0.26808, "memory": 6541, "loss_rpn_cls": 0.15828, "loss_rpn_bbox": 0.05697, "s0.rbbox_loss_cls": 0.40044, "s0.rbbox_acc": 88.68945, "s0.rbbox_loss_bbox": 0.60568, "s1.rbbox_loss_cls": 0.33781, "s1.rbbox_acc": 90.44013, "s1.rbbox_loss_bbox": 0.62761, "loss_mask_obb": 0.41674, "loss": 2.60355}
{"mode": "train", "epoch": 1, "iter": 850, "lr": 0.0025, "time": 1.47352, "data_time": 0.29495, "memory": 6541, "loss_rpn_cls": 0.156, "loss_rpn_bbox": 0.07565, "s0.rbbox_loss_cls": 0.44545, "s0.rbbox_acc": 87.49414, "s0.rbbox_loss_bbox": 0.62266, "s1.rbbox_loss_cls": 0.39434, "s1.rbbox_acc": 89.03433, "s1.rbbox_loss_bbox": 0.6892, "loss_mask_obb": 0.42454, "loss": 2.80785}
{"mode": "train", "epoch": 1, "iter": 900, "lr": 0.0025, "time": 1.49902, "data_time": 0.29561, "memory": 6541, "loss_rpn_cls": 0.15325, "loss_rpn_bbox": 0.06865, "s0.rbbox_loss_cls": 0.43614, "s0.rbbox_acc": 87.50781, "s0.rbbox_loss_bbox": 0.64085, "s1.rbbox_loss_cls": 0.36561, "s1.rbbox_acc": 89.28729, "s1.rbbox_loss_bbox": 0.70167, "loss_mask_obb": 0.41863, "loss": 2.7848}
{"mode": "train", "epoch": 1, "iter": 950, "lr": 0.0025, "time": 1.46041, "data_time": 0.34337, "memory": 6541, "loss_rpn_cls": 0.1467, "loss_rpn_bbox": 0.05547, "s0.rbbox_loss_cls": 0.40581, "s0.rbbox_acc": 88.57812, "s0.rbbox_loss_bbox": 0.5057, "s1.rbbox_loss_cls": 0.34564, "s1.rbbox_acc": 90.67192, "s1.rbbox_loss_bbox": 0.45386, "loss_mask_obb": 0.43216, "loss": 2.34533}
{"mode": "train", "epoch": 1, "iter": 1000, "lr": 0.0025, "time": 1.48399, "data_time": 0.32888, "memory": 6541, "loss_rpn_cls": 0.17344, "loss_rpn_bbox": 0.06479, "s0.rbbox_loss_cls": 0.39743, "s0.rbbox_acc": 88.90234, "s0.rbbox_loss_bbox": 0.5795, "s1.rbbox_loss_cls": 0.34102, "s1.rbbox_acc": 90.06709, "s1.rbbox_loss_bbox": 0.55917, "loss_mask_obb": 0.41169, "loss": 2.52703}
{"mode": "train", "epoch": 1, "iter": 1050, "lr": 0.0025, "time": 1.40046, "data_time": 0.29377, "memory": 6802, "loss_rpn_cls": 0.14705, "loss_rpn_bbox": 0.05659, "s0.rbbox_loss_cls": 0.38877, "s0.rbbox_acc": 88.33789, "s0.rbbox_loss_bbox": 0.59548, "s1.rbbox_loss_cls": 0.32627, "s1.rbbox_acc": 90.35735, "s1.rbbox_loss_bbox": 0.54765, "loss_mask_obb": 0.42275, "loss": 2.48455}
{"mode": "train", "epoch": 1, "iter": 1100,